
---stage_types---

/*INSERT INTO stage_types (type_name) VALUES (''Test'');
INSERT INTO stage_types (type_name) VALUES (''Theory'');*/

---themes---

INSERT INTO themes(id, name, requiredpoints, serialnumber) VALUES (1, 'Античность', 0, 0);

---sections---

INSERT INTO sections(id, name, requiredpoints, serialnumber, themeid) VALUES (1, 'Древний Рим', 0, 0, 1);

---units---

INSERT INTO unit(id, name, requiredpoints, serialnumber, sectionid) VALUES (1,'Основание и царский период Рима', 0, 0, 1);

---stages---

INSERT INTO stages(dtype, id, name, requiredpoints, serialnumber, maxpoints, text,unitid) VALUES

('Theory', 1, 'Ромул и Рем', 0, 1, 0, 'Ромул и Рем
Происхождение и ранние годы

Родословная Ромула и Рема, 1650-е годы
Античная традиция называет Ромула и Рема потомками Энея. Этот герой греческой мифологии, сын Анхиза и богини Венеры, принадлежал к роду троянских царей и после взятия Трои ахейцами бежал на запад, в Италию, где основал город Лавиний. Его сын Асканий стал основателем и первым царём города Альба-Лонга.

Существовали разные версии генеалогии близнецов: источники Плутарха называют Ромула и Рема сыновьями Энея от Дексифеи, дочери Форбанта, внуками Энея через его дочь от Лавинии Эмилию или даже сыновьями Латина, сына Телемаха (сына Одиссея), от троянки Ромы. Сам Плутарх считал наиболее правдоподобной версию, согласно которой Ромул и Рем были отдалёнными потомками Энея через царей Альба-Лонги. Тит Ливий перечисляет предков в четырнадцати поколениях, отделявших Ромула и Рема от Аскания.


Ромул, Рем и волчица. Картина Питера Пауля Рубенса, 1616 год
Дед близнецов, царь Альба-Лонги Нумитор, был свергнут собственным братом Амулием. Последний сослал низложенного царя, убил его сына, а дочь по имени Илия или Рея Сильвия сделал весталкой и обрёк таким образом на безбрачие. Тем не менее вскоре девушка забеременела. По самой древней версии, она зачала от бога Марса, по более поздним альтернативным версиям — от какого-то смертного (Ливий пишет о насилии) либо от демона. Амулий хотел казнить племянницу, но прислушался к мольбам своей дочери и ограничился тем, что отправил беременную весталку в тюрьму. Когда она родила двух мальчиков-близнецов, царь приказал бросить младенцев в Тибр. Было время паводка, так что раб, которому это было поручено, оставил корзину с детьми на мелководье; она поплыла было по течению, но зацепилась за ветви смоковницы, посвящённой Румине — богине вскармливания новорождённых. Пришедшая на водопой волчица накормила мальчиков своим молоком, а дятел (птица, посвящённая Марсу) принёс им немного еды в клюве. Свидетелями этого чуда стали царские пастухи, жившие на холме Палатин. Один из них, Фаустул, унёс детей к себе домой.

Фаустул и его жена, Акка Ларенция, решили воспитывать найдёнышей вместе со своими двенадцатью сыновьями. Близнецы получили имена Ромул и Рем («от слова, обозначающего сосок, ибо впервые их увидели сосавшими волчицу»). Известно, что они научились грамоте в городе Габии, а позже росли на Палатине вместе с тамошней молодёжью. Братья выделялись красотой, физической силой, стремлением руководить другими. Они возглавляли сверстников в их борьбе с разбойниками, совершавшими набеги на холмы над Тибром; в ряде случаев они сами действовали как разбойники или принимались за таковых. В одной из стычек Рем попал в плен к пастухам Нумитора и предстал перед царём Амулием. Тот, вынеся смертный приговор, отправил его к брату на казнь, но Нумитор догадался, что перед ним не простой пастух. Расспросив Рема об обстоятельствах, связанных с его рождением, бывший царь узнал в нём собственного внука. Рем получил от деда воинский отряд, а Ромул тем временем, собрав пастухов, разбойников и беглых рабов, привёл к Альба-Лонге целое войско. Действуя совместно, братья взяли город штурмом. Амулий погиб в схватке от руки Ромула, и Нумитор вернулся на престол.
',1),
('Theory', 3, 'Первый царь Рима', 0, 1, 0, 'Первый царь Рима

Вернув власть деду, Ромул и Рем решили основать новую общину. Среди их сторонников было много беглых рабов и преступников, которых жители Альба-Лонги не хотели принимать в свою среду, а распускать войско близнецы не хотели: в этом случае они потеряли бы только что обретённое могущество. Поэтому Ромул и Рем решили построить новый город в тех местах, где когда-то их выкормила волчица. Однако они не смогли прийти к единому решению о том, где именно начинать строительство (Ромул был за холм Палатин, Рем за холм Авентин), как будет называться город (Рома или Ремория соответственно) и кто из них будет там править. По совету Нумитора близнецы прибегли к птицегаданию (ауспиции). Рем первым увидел счастливое предзнаменование — шесть парящих коршунов; знамение для Ромула запоздало, но выглядело более внушительным — это были двенадцать коршунов. Каждый из братьев был уверен, что боги высказались в его поддержку, и в результате разногласия переросли в открытый конфликт.

Ромул начал копать ров, чтобы обозначить границы своего города. Рем постоянно издевался над братом и мешал ему работать. Однажды он перепрыгнул через ров, по-видимому, совершив таким образом святотатство, и тут же был убит. Его ударил мечом или сам Ромул, или друг Ромула по имени Целер; в той же стычке погибли Фаустул и его брат Плистин. Ромул, осознав случившееся, пришёл в отчаяние и хотел было отказаться от планов строительства города, но Акка Ларенция убедила его продолжить работу. Сразу после погребения Рема (оно состоялось на Авентине) на Палатине был основан новый город, получивший название Roma (Рим). Это событие античные авторы датируют одиннадцатым днём до майских календ, то есть 21 апреля. Согласно «эре Варрона», это был 754 или 753 год до н. э.


Рим был основан в соответствии с этрусскими обычаями. Сначала была вырыта круглая яма, куда сложили «пер­ви­ны все­го, что люди при­зна­ли полез­ным для себя в соот­вет­ст­вии с зако­на­ми, и все­го, что сде­ла­ла необ­хо­ди­мым для них при­ро­да», и куда каждый гражданин будущего города бросил горсть земли. Эта яма стала центром большого круга, по границам которого основатели пропахали борозду, обозначив таким образом священную границу Рима («померий»). Внутри этой границы оказался не только Палатин, но и соседний двуглавый холм — Капитолий. Народное собрание провозгласило Ромула царём. Ромул окружил себя двенадцатью ликторами, издал первые законы; чтобы заселить обширную территорию внутри померия, он объявил рощу между холмами «убежищем» и начал предоставлять гражданские права стекавшимся в его город преступникам, беглым рабам и прочим искателям счастья.

Граждан Рима царь поделил на патрициев и плебеев. К первой группе он отнёс сто «лучших граждан», которые заседали в царском совете, получившем название «сенат». Сам Ромул стал первым в истории Рима магистратом и создал таким образом три основообразующих элемента Римской республики: сенат, магистратуры и народное собрание. Ему приписывают также создание системы патроната и формирование первых легионов, включавших по три тысячи пехотинцев и триста всадников; таким образом, всадническое сословие появилось тоже при нём.

Молодое римское государство сразу столкнулось с серьёзной проблемой. Число граждан быстро росло, но это были почти исключительно бессемейные мужчины, а окрестные общины не хотели отдавать римлянам своих девушек, поэтому Ромул решил организовать масштабное похищение. Он пригласил жителей соседних сабинских городов с их жёнами и дочерьми на праздник, посвящённый богу Консу. В самый разгар торжеств царь дал условный сигнал, услышав который, римляне начали хватать незамужних девушек и уносить их за городские стены. Разные источники сообщают о 30, 527 или 683 похищенных сабинянках, из которых замужней оказалась только одна — Герсилия. Похитители взяли их в жёны.

Ромул обратился к сабинянам с предложением признать заключённые браки и жить в мире, но получил отказ. Царь соседнего города Ценина по имени Акрон немедленно двинулся походом на Рим; Ромул разбил ценинцев, Акрона убил в поединке, а Ценину взял штурмом. Жители этого города были переселены в Рим.

Одержав эту победу, Ромул взял штурмом города Фидены, Крустумерия и Антемна. Однако остальные сабиняне собрали большую армию во главе с Титом Тацием и смогли занять крепость на Капитолии благодаря предательству Тарпеи — дочери коменданта. Между тибрских холмов произошла большая битва, в которой обе стороны сражались с крайним ожесточением. Сам Ромул был ранен камнем в голову. Римляне обратились было в бегство, но их остановило вмешательство самого Юпитера. Наконец, в решающий момент в самую гущу схватки бросились похищенные сабинянки, которые остановили бой и помирили отцов и братьев с мужьями. Тут же был заключён договор, согласно которому замужние женщины в Риме освобождались от домашней работы (за исключением прядения шерсти), мужчины-сабиняне селились рядом с римлянами и получали равные гражданские права, а Тит Таций становился соправителем Ромула. Соответственно увеличилось число воинов в легионе (до шести тысяч шестисот) и число сенаторов (до двухсот). Все граждане были поделены на три трибы, получившие названия Рамны (в честь Ромула), Татии (в честь Тита) и Лукеры (либо в честь рощи, обладавшей правами «убежища», либо в честь этрусского бога Лукумона). Каждая триба состояла из десяти курий, названных по именам похищенных сабинянок.

Совместное правление Ромула и Тация продолжалось четыре года, пока последний не был убит жителями Лаврента. В последующие годы Ромул взял штурмом и заселил Камерию, разбил войско города Вейи. Один из источников Плутарха утверждал, будто в решающем сражении царь лично убил семь тысяч врагов. После смерти Нумитора Ромул подчинил Альба-Лонгу власти своего наместника; на завоёванных территориях он раздавал земли плебсу, не считаясь с интересами знати, и этим вызвал недовольство патрициев.

Правление Ромула продолжалось тридцать шесть или тридцать семь лет. Однажды, в ноны квинтилия (7 июля), когда царь проводил очередной смотр войск на поле у Козьего болота, произошло солнечное затмение, и на некоторое время наступила полная темнота; после возвращения дневного света римляне увидели, что царь бесследно исчез. Сенаторы объявили, что Ромула забрали на небо боги, а в народе появился слух, будто патриции воспользовались темнотой, чтобы убить царя, а потом разодрали его тело на части и тайком унесли. Из-за этого могли начаться серьёзные внутренние распри, но вскоре один из друзей Ромула по имени Прокул Юлий объявил, что видел исчезнувшего царя на дороге из Альба-Лонги в Рим. Ромул рассказал ему, что действительно взят на небо и что сам стал богом под именем Квирин; он передал римлянам, что их город будет господствовать над миром, а потом поднялся на небо на глазах у Прокула. С этого момента начал свою историю культ бога Квирина.
',1),
('Theory', 5, 'Нума Помпилий', 0, 1, 0, 'Нума Помпилий

Ну́ма Помпи́лий (Numa Pompilius) — полулегендарный царь Рима (второй по счёту). Правил с 715 по 673/672 годы до н. э. 

Нума Помпилий родился в день основания Рима (21 апреля 753 года до н. э.) в семье Помпония — сабинянина по происхождению. Нума был четвёртым сыном в семье, воспитывался в строгости — его отец, хотя и занимал высокое положение в сабинской общине, не допускал никакой роскоши в своём доме. Юность Нума провёл в городе Эвре. Женился на Тации, дочери царя сабинян Тация, соправителя Ромула. Тация умерла вскоре после свадьбы, на 13 году жизни. Тяжело оплакивая эту потерю, Нума удалился в сторону Альбанских гор, в долину Ариция. Там он встретил нимфу Эгерию, которая обучила его законотворчеству.

По одной из версий, у Нумы была одна дочь — Помпилия (по одной версии она была ребёнком Тации, по другой — его второй жены, Лукреции), которая впоследствии вышла замуж за Нуму Марция и родила будущего царя Анка Марция. Плутарх упоминает, среди прочих вариантов и четырёх сыновей Нумы, Помпа, Пина, Кальпа и Мамерка, цитируя мнение неких историков о том, что от них произошли знатные римские фамилии Помпониев, Пинариев, Кальпурниев и Эмилиев. Но такой вариант представляется сомнительным даже и ему, так как все ранние фамильные списки были уничтожены во время первого нашествия галлов, и, по видимому, принадлежит руке неизвестного составителя длинных аристократических родословных, популярных в античном мире.

После смерти Ромула сенат, состоявший в то время из ста «отцов», первое время правил без единоначалия, каждый из патрициев правил в течение суток, передавая свои полномочия другому. Но затем было решено, что коренные римляне выберут царя из среды сабинян, чтобы компенсировать тем самым факт меньшего количества сабинян. Сенаторами был избран набожный сабинянин Нума Помпилий, так как считалось, что это может укрепить союз между римлянами и сабинянами. Поначалу он отказывался от высокой чести, однако отец и Марций I убедили его в том, что только его мудрость может научить воинственный народ Рима добиваться процветания не только войной, но и миром.

Следует отметить следующие достижения и нововведения, сделанные Нумой Помпилием:
При нём были подсчитаны все земли, принадлежащие Риму, осуществлено межевание земли каменными столбами.
Учредил ремесленные цехи, установив для каждого из них отдельные празднества. Вот что рассказывает об этом Плутарх в своих «Сравнительных жизнеописаниях»:
Народ был разделен, по роду занятий, на флейтистов, золотых дел мастеров, плотников, красильщиков, сапожников, кожевенников, медников и гончаров. Другие ремесла царь соединил вместе и образовал из них один цех. Каждый цех имел свои собрания, сходки и религиозные обряды. Таким образом, царь в первый раз изгнал ту рознь, которая заставляла одних считать и называть себя сабинянами, других — римлянами, одних гражданами Тация, других — Ромула, вследствие чего деление на цехи внесло всюду и во всем гармонию и единодушие.
Нума Помпилий первый учредил религиозные культы. Он ввёл в народе почитание Термина (бога границ) и Фидеса (богини мира и олицетворения честности при труде). Ввёл должность жрецов для служения Юпитеру, Марсу и Квирину. Наконец, он ввёл поклонение богине Весте и учредил для служения ей должность весталок.
Им же были установлены должности фециалов и понтификов.
Запретил человеческие жертвоприношения и ввёл бескровные (лук, волосы и т. п.).
Нума Помпилий ввёл новый лунно-солнечный календарь, каждый год которого состоял из 355 дней. Ему же приписывается разделение дней на обычные и фесты.
Свой дворец второй римский царь построил на Вели, между Квириналом и Палатином, что символизировало объединение двух общин: римской и сабинянской.
В отличие от всех остальных римских царей, которые активно вели войны, при Нуме Помпилии ни разу не открывались врата храма Януса, которые обычно открывались при начале вооружённых конфликтов.

На седьмой год правления Нумы Помпилия, в Италии разразилась эпидемия, в результате которой погибли тысячи человек как в самом Риме, так и в его окрестностях. Согласно легенде, однажды царь гулял в лесу, озабоченный думой о народном спасении, и вдруг с громом и молниями ему в ноги упал искусно отделанный щит. Тут же явилась покровительница Нумы Помпилия, Эгерия, и сказала, что этот щит является подарком Юпитера, и описала особый ритуал, с помощью которого можно отвратить любую беду от Рима. Нума Помпилий последовал совету богини и приказал изготовить 11 копий этого щита, которые велел повесить и хранить в храме Весты. Также царь учредил особое братство салиев, которые должны были ежегодно в марте, вооружившись этими щитами, совершать по городу священную пляску (пляска салиев). По смерти царя нимфа, от слёз, обратилась в источник.

Календарь Нумы Помпилия
Нума Помпилий провёл серьёзную реформу календаря, на основе которого впоследствии был введён юлианский календарь. До него римляне делили год на десять месяцев, начиная счёт с марта, и заканчивая декабрём. Согласно новому календарю, были введены два новых месяца — январь и февраль в честь богов Януса и Феба. Таким образом, календарь, введённый Нумой Помпилием состоял из двенадцати месяцев.

Нума Помпилий умер от естественных причин в 673 г. до н. э. в возрасте 80 лет, оставив, по преданию, большое письменное наследие. Все свои книги он завещал похоронить с собой. В 181 г. до н. э. на Яникуле случайно было найдено 2 каменных ларца, с надписями на греческом и латинском языках, из которых выяснилось, что в одном ларце лежал прах Нумы Помпилия, а в другом его книги — 7 книг о понтификальном праве и 7 по греческой философии. Рукописи оказались неповреждёнными, однако городской претор решил их сжечь, так как посчитал, что в них заключены мнения, угрожающие современным религиозным представлениям римлян. Впоследствии в среде алхимиков бытовало мнение, что какие-то из рукописей Нумы Помпилия избежали огня, и в них содержится секрет философского камня. А его могилу, в свою очередь спрятали, и она до сих пор не найдена.

Новым царём Рима после смерти Нумы Помпилия стал Тулл Гостилий.
',1),
('Theory', 7, 'Тулл Гостилий', 0, 1, 0, 'Тулл Гостилий

Тулл Гостилий (лат. Tullus Hostilius) — по легенде, третий царь Древнего Рима. Правил с 673 по 641 г. до н. э

Тулл Гостилий был внуком храбрейшего из римских воинов, погибшего в битве с сабинянами — Гостия Гостилия. До избрания царём Тулл Гостилий занимался земледелием, однако, при вступлении на престол в нём заиграло честолюбие, поэтому его правление отмечено многими войнами. В этом он схож с Ромулом, поэтому иногда их называют двойниками, так же как Анка Марция — двойником Нумы Помпилия. И Ромул, и Тулл Гостилий удвоили население Рима, организовали армию, воевали с Фиденами и Вейями, смерть обоих царей была сверхъестественной. Если Ромул и Нума Помпилий олицетворяли собой римские общины Рамнов и Тициев, то Тулл Гостилий является легендарным родоначальником Луцеров, а Анк Марций — плебса.


Тулл Гостилий нанёс поражение армии Вейи и Фиден
Заступив на царскую должность, Тулл сразу же стал искать повод к войне с соседями. Приграничные стычки между Римом и Альба-Лонгой, а также отказ от возмещения убытков обеими сторонами, послужили отличным поводом для объявления войны. Альбанцы вторглись в пределы Римской земли, разбили лагерь в пяти милях от города и обнесли его рвом. В лагере умирает альбанский царь, Гай Клуилий, и альбанцы избирают диктатора Меттия Фуфетия. Через некоторое время Меттий Фуфетий начинает переговоры с Туллом, и предупреждает, что ослабленный победитель может стать жертвой нападения соседней державы этрусков. Решено было выявить победителя единоборством нескольких избранных солдат. Так состоялось легендарное сражение между тройками братьев-близнецов — Горациями и Куриациями, со стороны Рима и Альба-Лонги соответственно. Горации победили и Альба-Лонга была вынуждена подчиниться Риму.

После объединения в состав римского Сената было введено 100 патрициев из Альба-Лонги.

Сразу после этого Рим объявил войну Фиденам. Во время решающей битвы союзная армия Альба-Лонги уклонилась от сражения, рассчитывая на то, что этруски помогут им низвергнуть римское господство, и римлянам пришлось принять на себя основной удар вражеской армии. Союзники вступили в бой лишь тогда, когда победа римлян стала очевидной. Прогневанный этим замешательством Тулл Гостилий решил отомстить Меттию Фуфетию: его и всех альбанских вождей он созвал к себе в ставку, где обвинил их в предательстве. Меттий Фуфетий был казнён, жители города насильно переселены в Рим, на Целийский холм, а сама Альба-Лонга разрушена до основания. Разрушение Альба-Лонги Римом является исторически достоверным событием.

Следующей была объявлена война сабинянам. Поводом к войне стала обида, нанесённая римским купцам в сабинянской столице Феронии. Война эта закончилась победой для Рима благодаря коннице, пополнившейся альбанцами, однако особенных выгод не принесла.

За время правления Тулл Гостилий:
еще больше увеличил границы римских земель, и удвоил число граждан Рима.
присоединил к городу Целийский холм.
альбанских старейшин — Юлиев, Сервилиев, Квинтиев, Геганиев, Куриациев, Клелиев — записал в патриции.
за счет альбанского народа набрал десять турм всадников и пополнил старые легионы.
Гибель Тулла Гостилия
Легенда гласит, что увлекшись войнами, Тулл Гостилий забыл о служении богам. В неудачах и бедах, обрушившихся на Рим, Тулл Гостилий распознал их немилость и принялся ревностно приносить дары Юпитеру и призывать его снизойти на землю. Однако в наказание за малодушие Юпитер молнией убил царя и сжёг его дом.

Его гибель римляне посчитали знамением и решили избрать на царство более миролюбивого царя — Анка Марция.
',1),
('Theory', 9, 'Анк Марций', 0, 1, 0, 'Анк Марций

Анк Ма́рций (Ancus Marcius) — по преданию, 4-й царь Древнего Рима. Правил в 640—616 до н. э. Внук Нумы Помпилия со стороны матери.

Имя Анка Марция означает «служитель Марса». Царь был похож мудростью и миролюбивым нравом на своего деда. Он покровительствовал земледелию, ремёслам и торговле. Однако соседи Рима, привыкшие видеть в римлянах отважных завоевателей, восприняли его миролюбие как слабину. На Рим поднялись племена латинов и сабинян, этрусков и вольсков. Анк Марций успешно начал войну, взял города Политорий, Теллен и Фиканы, разбил войско противника при Медуллии. Латинское население всех этих городов было переселено на Авентинский холм и стало основой плебейского сословия. Владения Рима расширились до самого устья Тибра. Затем Анк Марций двинулся навстречу вольскам, которые несколькими отрядами шли на Рим. Он разбил их и с сильным войском осадил их столицу — Велитру. Вольски вынуждены были заключить с Римом наступательный и оборонительный союз. Анк Марций захватил этрусские города Вейи и Фидены.

При Анке Марции в Рим прибыл из этрусского города Тарквинии и получил почётный приём будущий царь Рима Тарквиний Приск. За свои способности он получил должность начальника конницы и участвовал в войне против сабинов.

Анк Марций считается основателем гавани и соляных приисков Остии, расположенной в устье Тибра (археологические раскопки показали, что Остия возникла лишь в IV в. до н. э.). Чтобы обезопасить Рим от нападений этрусков, он укрепил крепость Яникул по ту сторону Тибра, а через Тибр построил первый деревянный мост. Он же построил в подошве Капитолия тюрьму.
',1),
('Theory', 11, 'Тарквиний Древний', 0, 1, 0, 'Луций Тарквиний Приск (Тарквиний Древний)

Луций Тарквиний Приск, либо Тарквиний Древний (лат. Lucius Tarquinius Priscus) — пятый царь Древнего Рима. Правил с 616 по 579 до н. э. 

По преданию, родиной царя был этрусский город Тарквинии. Настоящее имя его было Лукумон (согласно современным представлениям, Лукумон, этр. lauchumu — не имя, а слово, означающее «повелитель, вождь»). Отец Луция Тарквиния — Демарат переселился в Тарквинии из греческого города Коринфа и принадлежал к роду Бакхиадов. Рождённый от тарквинянки, Лукумон ещё в молодости добыл себе большое состояние и женился на Танаквиль — женщине умной и честолюбивой. Она-то и посоветовала ему перебраться в Рим, так как в Тарквинии, из-за того, что Лукумон не был чистокровным этруском, ему был закрыт путь к высшим должностям.

Лукумон со всем домом и богатствами отправился в Рим. Когда он на своей колеснице уже подъезжал к Яникулу, орёл закружился над головой будущего царя, схватил его шлем, поднял в воздух, а потом опять возложил его на голову. Танаквиль увидела в этом доброе предзнаменование и сказала, что Лукумон станет царём.

Прибыв в Рим, Лукумон взял себе новое имя: Луций Тарквиний. Благодаря своему богатству и мудрости, он вскоре стал одним из самых влиятельных людей в Риме. Царь Анк Марций заметил Луция Тарквиния, сделал своим приближённым и назначил начальником конницы. После его смерти, Луций Тарквиний убедил Народное собрание в том, что именно он, а не кто-то из малолетних детей Анка Марция должен стать царём Рима.

Многие историки, в том числе Нибур и Моммзен, отвергают предание об этрусском происхождении Луция Тарквиния и считают, что он принадлежал к трибе луцеров. Следует отметить, что во времена Лукумона уже существовал род Тарквиниев.

После своего избрания на царство Луций Тарквиний вынужден был продолжать внешние войны с латинами, этрусками и сабинянами. Приступом были взяты такие города как Апиолы, Фирулея, Камерия и Номентум. Те латинские города, которые сдавались без боя, должны были стать римскими союзниками без уменьшения своих прежних прав. Напротив, город Корникул за упорную защиту после взятия был разрушен до основания. Луций Тарквиний сумел подчинить Этрурию и сабинян и взял огромную добычу. При нём Рим окончательно стал главой латинского союза, унаследовав это звание от разрушенной Туллом Гостилием Альба-Лонги.

За время своего царствования Луций Тарквиний провёл много реформ, вплотную занялся обустройством Рима. При нём в Риме начало развиваться искусство. Вот основные вехи его деятельности:

Луций Тарквиний увеличил сенат до 300 человек за счёт новых членов из бедных родов. Среди них были Октавии. Также до 1800 человек была расширена центуриатная комиция.
При нём был построен Храм Юпитера Капитолийского, отведено место под Римский форум. Луций Тарквиний, по легенде, для отвода сточных вод построил римскую канализацию — Большую Клоаку. Он же построил водопровод и здание большого цирка для проведения регулярных скачек и празднеств.
Луций Тарквиний принёс в Рим многие этрусские обычаи и после побед над этрусками и сабинянами первым отпраздновал в Риме триумф по этрусскому образцу.

Сыновья Анка Марция тем временем продолжали таить злобу на любимца своего отца, который отобрал у них царскую власть. В рамках заговора они устроили показную ссору между собой, и когда Луций Тарквиний вышел к ним, чтобы примирить — он был убит ударом дубинки. Тем не менее, заговорщики ничего не выиграли от этого убийства и были изгнаны из города: курульное кресло же занял приёмный сын убитого царя и любимец Танаквиль — Сервий Туллий.
',1),
('Theory', 13, 'Сервий Туллий', 0, 1, 0, 'Сервий Туллий

Сервий Туллий (лат. Servius Tullius) — шестой из царей Древнего Рима, правивший согласно древнеримским преданиям в 578—535/534 годах до н. э. 

Суть реформ Сервия Туллия состояла в том, что права гражданства стали принадлежать не только патрициям, но и плебеям. Также на плебеев была возложена обязанность участвовать в государственных повинностях, таких как уплата налогов и военная служба. Вместо родовой знати власть перешла к наиболее зажиточным гражданам. Богатые должны были выставлять большее количество воинов, чем малоимущие, что не соответствовало их численному соотношению. В этом видели расчёт Сервия Туллия относительно того, что те, кому есть что защищать, должны претерпевать большие лишения, связанные с войной. Также, согласно античным представлениям, «народный» царь считал нужным, чтобы нуждающиеся не вносили неподъёмные для них налоги и не воевали за чужой счёт, как наёмники. Одновременно он лишил бедняков на законодательном уровне реальной возможности участвовать в общественной жизни и принимать обязательные для всего Рима решения.

Происхождение Сервия Туллия в античных источниках связано с несколькими легендами. Согласно Дионисию Галикарнасскому, будущий римский царь был сыном жителя Корникула из царского рода Туллия и его жены Окрисии. Когда римские войска под предводительством царя Луция Тарквиния Приска захватили город, то беременная Окрисия попала в плен, а Туллий погиб. Вначале Окрисия стала рабыней жены царя Танаквиль, но вскоре, узнав о её происхождении, царица освободила пленную. Сервий Туллий родился в период, когда его мать была ещё рабыней, что дало повод некоторым называть его рабом. Рассказ Тита Ливия о происхождении Сервия Туллия мало отличается. Историк уточняет, что мать Сервия сразу же при пленении опознали как жену «первого человека» в Корникуле и потому не обращали в рабство, а её ребёнок сразу рос в доме Тарквиния как царский сын. Ещё одну легенду сообщал Дионисий Галикарнасский, отметивший, что Сервий «был любимцем богов и божеств». По его словам, «в местных записях» и «во многих римских исторических сочинениях» содержится предание о том, что Сервий родился от связи Окрисии и бога Вулкана, пленившегося красотой девушки. Этот вариант легенды встречается и у Овидия. Третья версия встречается у Цицерона, согласно ей Туллий «родился от рабыни из дома Тарквиния, зачавшей его от одного из клиентов царя». При этом Цицерон пишет, что «царь не мог не заметить искры ума, горевшей в мальчике».

Согласно одной из легенд, когда Сервий спал, то вокруг его головы загорелся огонь. Все присутствующие закричали от ужаса. Танаквиль, увидев эту картину, запретила тревожить спящего. Когда мальчик проснулся, то огонь пропал сам собой. Это было воспринято как знамение того, что в будущем Сервий Туллий станет светочем и оплотом царского дома, а также совершит великие дела на благо Рима. После этого мальчика стали воспитывать как царского сына. По достижении им совершеннолетия за него выдали одну из царских дочерей.

Недовольные возвеличением бывшего раба, сыновья бывшего царя Анка Марция устроили заговор. Они решили, что если убить Сервия Туллия, то престарелый царь найдёт другого зятя, поэтому организовали покушение на Тарквиния Приска, оказавшееся успешным. Вдова царя Танаквиль проявила характер и приказала запереть двери дворца. Народу объявили, что царь ранен, но приказал, до своего выздоровления, подчиняться Сервию Туллию. Своими мудрыми действиями он приобрёл популярность в народе. Сыновья Анка Марция, услышав о провале заговора, бежали из Рима и впоследствии умерли на чужбине. Когда Танаквиль решила, что время пришло, то объявила о смерти своего супруга от ран. Так как власть уже находилась в руках Сервия Туллия, то именно он и стал следующим царём.

Свою, отличавшуюся от предыдущих, версию излагал император Клавдий, бывший знатоком истории этрусков, написавший в молодости двадцатитомный труд на эту тему и составивший этрусский словарь. Во время выступления в сенате в 48 году н. э., дошедшем до нас в Клавдиевой таблице, император утверждал, что изначально Сервий Туллий был не рабом, а этрусским разбойником по имени Мастарна. Когда его друг Целий Вибенна был схвачен, то Мастарна вместе с друзьями проник в Рим, где ему удалось освободить пленника. Впоследствии этруска приняли в доме царя Тарквиния, где он и поселился, сменив имя на Сервия Туллия. Возможно, Сервий узурпировал трон: он захватил власть после убийства бывшего короля, не будучи избранным сенатом, и внёс большие конституционные изменения, чтобы усилить свою власть. Император Клавдий изложил этрусскую версию о происхождении шестого римского царя. Современные антиковеды Р. Томсен и Дж. Холл принимают версию об этрусском происхождении полулегендарного правителя, который привнёс в жизнь Рима характерные для этрусских городов особенности управления, однако Эндрю Драммонд в Кембриджской истории древнего мира высказал мнение, что Мастарна «настолько отличается от традиционного Сервия Туллия, что кажется разумным разделить их». Историчность Сервия Туллия согласно профессору С. И. Ковалёву признают практически все современные антиковеды. В пользу этого говорит неизменность списка царей, что свидетельствует о его раннем происхождении, в нём отсутствуют патриции, которые играли основную роль в V—IV вв. до н. э., что свидетельствует о более раннем возникновении списка. При этом признание историчности Сервия Туллия ни в коем случае не означает, что все мифы и связанные с ним исторические предания соответствуют действительности.

О внешней политике Сервия Туллия можно судить из произведения «Римские древности» Дионисия Галикарнасского, жившего через 5 столетий после описываемых событий. Согласно этому автору зависимые от Рима при Тарквинии Приске племена не захотели подчиняться бывшему рабу. Первыми восстали вейяне. За ними последовали церейцы и тарквинийцы, а затем и вся Этрурия. Война продолжалась несколько десятилетий и завершилась победой Рима и подписанием мира с Латинским союзом. По её окончанию Сервий Туллий отнял земли у вейянов, тарквинийцев и церейцев, а затем распределил их между теми римлянами, которые недавно получили гражданство.

За Сервием Туллием закрепилась слава царя, проведшего ряд мероприятий, которые ослабили патрициев и усилили права римлян из обычного народа. С его именем связывали такие действия, как наделение бедняков земельными наделами, запрет держать должников в оковах, возможность разбогатеть и выдвинуться в верхние классы общества вследствие описанной выше Сервиевой конституции вне зависимости от происхождения, дарование вольноотпущенникам римского гражданства, упорядочение жизни сельских общин пагов, установление праздника паганалий и компиталий. Первые были посвящены Церере и Теллус. Вторые предполагали торжественные шествия и игры в честь добрых духов земли, дорог и перекрёстков ларов. Особенностью события было участие в нём рабов, «служба которых приятна ларам».

Религиозная деятельность Сервия Туллия, по преданию, включала сооружение храмов Фортуны и Дианы. Привнесение в Рим культа Дианы, согласно Титу Ливию, было связано с популярностью храма Артемиды Эфесской. Согласно современным представлениям его сооружение связано с тем, что Рим начал занимать центральное место в Латинском союзе, города которого объединялись вокруг культа данной богини. Храм построили на взносы всех городов союза. Впоследствии праздник в честь Дианы стал праздником рабов из-за соответствующего происхождения основателя её храма. Храмы Фортуны на Бычьем форуме были популярны среди простого народа, который считал, что именно эта богиня помогла вознестись Сервию Туллию из рабов в цари.

Сервию Туллию приписывают авторство так называемой Сервиевой конституции. Созданные институты заложили фундамент всей политической системы Рима. Устройство римского общества основывалось на разделении патрициев на курии. Куриатные комиции на тот момент были единственным видом народного собрания, на котором решались общие для города дела. Плебеи и клиенты находились на положении иностранцев и не имели права участвовать в народном собрании, и соответственно они не обладали ни политическими, ни общественными правами. Также они не участвовали в общегосударственных повинностях.

Расширение власти Рима благодаря успешным войнам привело к увеличению нагрузок на патрициев при одновременном росте количества бесправных плебеев. Суть реформы состояла в том, что права гражданства принадлежат не только лишь одним патрициям, но и плебеям, которые получали не только права, но и обязанности участия в государственных повинностях, таких как уплата налогов и военная служба. Вначале, согласно Дионисию Галикарнасскому, всё население разделили на 30 триб — 4 городские (лат. Tribus urbanae) и 26 сельских (лат. Tribus rusticae). Современные антиковеды считают, что изначально город разделили на 4 трибы (Collina, Esquilina, Palatina и Suburana). Каждой из них была приписана та или иная территория за городом. Сельские земли, в свою очередь, подразделяли на 26 регионов (лат. regiones), или пагов. Впоследствии из них организовали сельские трибы. В отличие от предыдущего подразделения, основой отнесения к той или иной трибе стал не родовой, а территориальный принцип. В них включались как плебеи, так и патриции.

Не принимая во внимание происхождение, в зависимости от имущественного положения Сервий Туллий разделил население на несколько классов. Каждый класс должен был выставлять определённое количество центурий воинов. Причём оговаривалось не только число воинов, но и их вооружение. Согласно Титу Ливию и Дионисию Галикарнасскому подразделение было следующим:

самые богатые граждане с имуществом более 100 тысяч ассов или 100 мин выставляли 80 центурий. Каждый воин должен был на свои средства приобрести бронзовые шлем, круглый щит, поножи, панцирь, шлем, а также копьё и меч. Эти 80 центурий разделяли пополам. Из более молодых составляли войска, которые вели войну вне Рима, в то время как старшие оставались в Риме для обороны города. Воины из первого класса в бою занимали место впереди фаланги. К ним прикрепили ещё две центурии мастеровых, которые были обязаны создавать осадные сооружения;
граждане с имуществом от 75 до 100 тысяч ассов или от 75 до 100 мин выставляли двадцать центурий. Их вооружение отличалось от такового первого класса лишь отсутствием панциря, а также вытянутым щитом, в отличие от круглого;
имущество от 50 до 75 тысяч ассов относило человека к третьему классу. Двадцати центуриям воинов из этой части населения не полагалось иметь поножи;
четвёртый разряд людей с имуществом от 25 до 50 тысяч ассов выставлял 20 центурий. Из оружия они получали копьё и дротик;
тридцать центурий из бедного населения с имуществом менее 25 тысяч ассов носили лишь пращи и метательные камни и должны были сражаться вне боевого строя фаланги. К этому же классу относили две центурии музыкантов и две ремесленников, которые сопровождали войско;
из бедняков с имуществом менее 11 тысяч ассов, т. н. лат. proletarii civis, составляли одну центурию, которая освобождалась от военной службы.

В информации из античных источников об особенностях реформы обращают на себя внимание как минимум два аспекта. Одиннадцать тысяч либральных ассов, имевших хождение в описываемое время, были весьма крупной суммой, а согласно Титу Ливию — границей между нищими и бедными. Возможно, речь идёт о пересчёте стоимости имущества в ценах времён правления Октавиана Августа, когда ассом являлась мелкая медная монета, либо цифры не соответствуют действительности. Также, согласно данной реформе, богатые граждане должны были выставлять большее количество воинов, чем малоимущие, что явно не соответствует их численному соотношению. В этом видели глубокий расчёт Сервия Туллия. Богатые, которым было что защищать, должны были нести большие тяготы, связанные с войной, по сравнению с бедными. Нуждающихся отстранили от военной службы и лишили налогового бремени. Согласно античным представлениям, «народный» царь считал нужным, чтобы нуждающиеся не воевали за чужой счёт, как наёмники. Одновременно их лишили реальной возможности принимать обязательные для всего Рима решения.

Кроме пехоты, из наиболее видных людей набрали 18 (согласно Титу Ливию — 12) всаднических центурий. Часть финансовой нагрузки на покупку и содержание коня ложилось на государство и незамужних женщин, которых обязали платить соответствующий налог.

Такое разделение не сильно улучшило роль бедных граждан в политической жизни Рима. В центуриатных комициях голосование шло по центуриям. Всадникам и первому классу с более чем 90 голосами реально принадлежала основная роль в законодательных вопросах. Кроме того, патриции удержали за собой права быть сенаторами, жрецами, судьями и патронами. Даже решения центуриатных комиций приобретали силу лишь после утверждения куриатными, которые состояли из патрициев. Исходя из этого, историк Т. Моммзен делает вывод, что реформа наложила на малоимущих плебеев обязанности, не дав никаких прав. При этом для плебеев было важным признание их в качестве граждан, которые имеют право совещаться вместе с патрициями относительно государственных дел. Одновременно Сервий Туллий обрёл славу царя, проводившего антипатрицианскую политику и покровительствовавшего плебеям.

На период правления Сервия, согласно античным источникам, приходятся постройка новой городской стены, которая получила название Сервиевой, и расширение территории города. По Ливию к Риму присоединили Квиринальский и Виминальский холмы, в то время как по Дионисию Галикарнасскому — Виминальский и Эсквилинский:74.

Согласно современным представлениям, основанным на данных археологии, Сервиева стена, оградившая семь холмов и сделавшая Рим «городом на семи холмах» (Septimontium), была построена в первой половине IV столетия до н. э.

У Сервия Туллия родилось две дочери, которых он выдал замуж то ли за сыновей (по Титу Ливию), то ли за внуков (по Дионисию) своего предшественника Тарквиния Приска. Как дочери, так и потомки предыдущего римского царя имели различные характеры. Изначально кроткая старшая дочь Туллия вышла замуж за гордого Луция, в то время как честолюбивая младшая Туллия за кроткого и нерешительного Аррунта.

Вскоре Аррунт и Туллия Старшая умерли, то ли по естественным причинам, то ли вследствие отравления, подстроенного младшей Туллией. Против воли отца она вышла замуж за Луция Тарквиния. По наущению своей новой жены Луций Тарквиний возглавил заговор по свержению Сервия Туллия. Недовольство патрициев реформами Сервия Туллия привело к тому, что царь потерял поддержку сената. Луций Тарквиний воспользовался этим, созвал сенат и провозгласил себя царём. Когда Сервий Туллий (к тому времени уже глубокий старик) явился в сенат для того, чтобы прогнать самозванца, Тарквиний сбросил его со ступенек на каменный помост. Раненый Сервий Туллий, с трудом поднявшись на ноги, направился домой. Опасаясь того, что Сервий Туллий сможет собрать лояльных ему римлян и не дать ему занять царский трон, Луций Тарквиний, послал своих людей догнать и убить престарелого царя, что те и сделали.

Туллия, узнав о перевороте, поспешила на форум, где первой поздравила мужа с избранием на царство. Тарквиний отослал её, согласно Титу Ливию, испугавшись за её безопасность. По пути колесница завернула на одну из улиц, где лежал труп недавно убитого Сервия Туллия. Возница остановил лошадей в ожидании дальнейших приказов. Туллия повелела немедленно продолжить путь. Колесница переехала труп царя. Из тела брызнула кровь, которая запятнала супругу Тарквиния. Таким образом, выехав из дома дочерью царя, она вернулась обратно царицей в прямом и переносном смысле в крови своего отца. Улица, на которой произошёл эпизод с колесницей, получила название «Проклятой» или «Запятнанной преступлением» (лат. Vicus sceleratus). По сути ту же легенду с рядом нюансов передаёт и Дионисий Галикарнасский. Согласно этому античному автору именно Туллия надоумила Тарквиния отправить убийц к Сервию Туллию. Когда возница попал на узкую улочку, на которой лежало тело бывшего царя, то Туллия, рассердившись остановке, повелела переехать труп своего отца.

Тарквиний не разрешил похоронить убитого тестя, однако жена Туллия с немногими оставшимися друзьями ночью вынесла его тело как останки простого человека и зарыла в землю.

Возможно, эта легенда несёт воспоминание о том, что Сервий пал жертвой заговора патрициев, лидером которого был сын или потомок бывшего царя.

',1),
('Theory', 15, 'Тарквиний Гордый', 0, 1, 0, 'Тарквиний Гордый

Луций Тарквиний Гордый (лат. Lucius Tarquinius Superbus или Тарквиний II) — последний, седьмой царь Древнего Рима в 534—509 г. до н. э.

Отцом Тарквиния Гордого был пятый царь Рима: Тарквиний Приск. После его убийства в 578 г. до н. э. сыновьями Анка Марция, власть в свои руки взял любимец Танаквиль (жены Тарквиния Приска) — Сервий Тулий. Сыновья Тарквиния Приска — Луций и Арун — в то время ещё были младенцами. Для того чтобы предупредить своё возможное свержение сыновьями царя-предшественника, Сервий Туллий старался привязать их к себе. Царь решил отдать им в супруги своих дочерей: кроткую и ласковую — за гордого Луция, а честолюбивую меньшую — за нерешительного Аруна. Однако младшая Туллия против воли отца вышла замуж за Луция Тарквиния. Они составили заговор и убили Аруна и старшую Туллию.

Недовольство патрициев реформами Сервия Туллия привело к тому, что царь потерял поддержку сената. Луций Тарквиний воспользовался этим и попытался сместить своего тестя. В первый раз ему это не удалось — по легенде, за царя вступился народ. Луций Тарквиний был вынужден спасаться бегством. Сделав выводы, в следующий раз он отважился на решительные действия тогда, когда народ был занят на полях. Луций Тарквиний созвал сенат (это была привилегия царя) и объявил о том, что он, а не Сервий Туллий является законным наследником престола. Когда Сервий Туллий (к тому времени уже глубокий старик) явился в сенат для того, чтобы прогнать самозванца, Тарквиний сбросил его со ступенек на каменный помост. Сервий Туллий попытался спастись бегством, но был убит на улице приверженцами Луция. Тут же его тело переехала колесницей его младшая дочь Туллия.

Сразу после своего избрания на царство Луций Тарквиний окружил себя ликторами и начал проводить политику репрессий против приверженцев погибшего Сервия Туллия. Численность сената, рассчитывавшего на то, что Луций Тарквиний вернёт патрициям былые привилегии, сократилась в результате козней и доносов почти вдвое. Царь не только не пополнял его, но и стал созывать как можно реже. Функции сената фактически заменил совет приближённых царя.

Благодаря большой военной добыче, Луций Тарквиний занялся активным строительством в Риме. При нём был достроен храм Юпитера на Капитолийском холме, закончено строительство канализации (Cloaca Maxima). Тарквиний Гордый уничтожил сабинянские святилища и уровнял Тарпейскую скалу, возвышавшуюся над форумом, откуда сбрасывали осуждённых в Тибр.

Тарквинию Гордому приписывается покупка части собрания пророчеств Кумской сивиллы, которая сама явилась к царю и предложила ему приобрести 9 свёртков по огромной цене. Царь в это время был занят постройкой храма Юпитера и отказался. Через некоторое время сивилла появилась опять и предложила купить по той же цене не 9 свёртков, а 6. Остальные свёртки она сожгла. Тарквиний Гордый отказался и на этот раз. Когда сивилла по той же цене предложила Тарквинию купить только три свёртка с предсказанием судьбы Рима, угрожая сжечь и их, царь всё-таки согласился. Пророчества сивиллы было поручено хранить в подземелье Капитолия, а консультироваться с ними только по чрезвычайному поводу. К примеру, со свитками консультировались после поражения римлян в Битве при Каннах. Тогда пророчество посоветовало похоронить заживо двух галлов и двух греков на рыночной площади. Магистраты последовали этому совету, продемонстрировав тем самым, что любое варварство могло сойти с рук, если речь шла о защите независимости Рима.

Луций Тарквиний Гордый проводил активную завоевательную внешнюю политику. Он упрочил союз Рима и латинских городов путём физического устранения тех, кто считал Рим поработителем Лация, и созданием родственных союзов. Так, свою дочь он выдал за Октавия Мамилия — царя Тускула. При Тарквинии Гордом римские войска впервые вторглись в область вольсков — были завоёваны города Суесса-Помпеция и Анксур. Были подавлены сабиняне и этруски.

Особенная легенда связана с латинским городом Габии, находящимся в центре Лация, который взбунтовался против диктатуры Тарквиния Гордого. Из-за большой протяжённости его стен и трудностей осады римским войскам не удавалось взять город. Тогда Луций Тарквиний прибегнул к хитрости: в Габии прибыл Секст Тарквиний под предлогом спасения от жестокости своего отца. Никого не удивило, что Тарквиний даже к своим детям был жесток. Секст отличился в вылазках, и скоро ему было поручено командование гарнизоном осаждённого города. По приказу отца, он ослабил или уничтожил всех богатых и важных граждан города Габии, а потом и вовсе открыл ворота города римлянам. Впрочем, город не был разграблен. Луций Тарквиний отдал его сыну Сексту в вотчинное владение.

При Тарквинии Гордом в армию перестали брать представителей низших классов — их использовали в строительстве. Армию же комплектовали, в основном, из наёмников.
',1),
('Theory', 17, 'Изгнание последнего царя', 0, 1, 0, 'Изгнание последнего царя и Основание Республики

Тирания царя и злоупотребления его сыновей настроили против него все слои общества. Изнасилование Секстом Тарквинием добродетельной Лукреции стало последней каплей, переполнившей чашу терпения: родственники Лукреции Луций Юний Брут и Публий Валерий Публикола внесли её тело на форум и убедили граждан изгнать царя и установить республиканское правление. Тарквиния Гордого не впустили в Рим, и он был вынужден с тремя младшими сыновьями искать убежище в Этрурии. Секст Тарквиний был убит во время восстания в Габии.

В изгнании Луций Тарквиний пытался заручиться поддержкой этрусских и латинских царей, убеждая их в том, что Рим хочет распространить республиканское правление по всему Лацию. Этрусский царь Ларс Порсена, на которого Луций Тарквиний рассчитывал больше всего, несмотря на победы над римлянами, вынужден был заключить с республикой мирный договор. Луций Тарквиний сумел настроить против Рима латинян, однако в битве при озере Регил в 496 г. до н. э. союзное войско было побеждено римлянами. В битве погибли все оставшиеся сыновья Тарквиния. Бывший царь был вынужден бежать в греческую колонию Кумы к царю Аристодему, где и скончался в 495 г. до н. э.


',1),
('Theory', 19, 'Основание республики', 0, 1, 0, 'Изгнание последнего царя и Основание Республики

Тирания царя и злоупотребления его сыновей настроили против него все слои общества. Изнасилование Секстом Тарквинием добродетельной Лукреции стало последней каплей, переполнившей чашу терпения: родственники Лукреции Луций Юний Брут и Публий Валерий Публикола внесли её тело на форум и убедили граждан изгнать царя и установить республиканское правление. Тарквиния Гордого не впустили в Рим, и он был вынужден с тремя младшими сыновьями искать убежище в Этрурии. Секст Тарквиний был убит во время восстания в Габии.

В изгнании Луций Тарквиний пытался заручиться поддержкой этрусских и латинских царей, убеждая их в том, что Рим хочет распространить республиканское правление по всему Лацию. Этрусский царь Ларс Порсена, на которого Луций Тарквиний рассчитывал больше всего, несмотря на победы над римлянами, вынужден был заключить с республикой мирный договор. Луций Тарквиний сумел настроить против Рима латинян, однако в битве при озере Регил в 496 г. до н. э. союзное войско было побеждено римлянами. В битве погибли все оставшиеся сыновья Тарквиния. Бывший царь был вынужден бежать в греческую колонию Кумы к царю Аристодему, где и скончался в 495 г. до н. э.


',1),


('Test', 2, 'Ромул и Рем', 0, 2, 5, 'Test', 1),
('Test', 4, 'Первый царь Рима', 0, 4, 5, 'Test', 1),
('Test', 6, 'Нума Помпилий', 0, 6, 4, 'Test', 1),
('Test', 8, 'Тулл Гостилий', 0, 8, 4, 'Test', 1),
('Test', 10, 'Анк Марций', 0, 10, 5, 'Test', 1),
('Test', 12, 'Тарквиний Древний', 0, 12, 5, 'Test', 1),
('Test', 14, 'Сервий Туллий', 0, 14, 5, 'Test', 1),
('Test', 16, 'Тарквиний Гордый', 0, 16, 5, 'Test', 1),
('Test', 18, 'Изгнание последнего царя', 0, 18, 5, 'Test', 1),
('Test', 20, 'Основание республики', 0, 20, 4, 'Test', 1);

/*INSERT INTO stages(type_id, unit_id, serial_number) VALUES 
(2, 1, 1);
(1, 1, 2);
(2, 1, 3);
(1, 1, 4);
(2, 1, 5);
(1, 1, 6);
(2, 1, 7);
(1, 1, 8);
(2, 1, 9);
(1, 1, 10);
(2, 1, 11);
(1, 1, 12);
(2, 1, 13);
(1, 1, 14);
(2, 1, 15);
(1, 1, 16);
(2, 1, 17);
(1, 1, 18);
(2, 1, 19);
(1, 1, 20);*/



---question_answers---

INSERT INTO Answers(id, answerText) VALUES
(1, 'Эней'),
(2, 'Медонт'),
(3, 'Диомед'),
(4, 'Главк'),

(5, 'Нумитор'),
(6, 'Марс'),
(7, 'Тиберин'),
(8, 'Амулий'),

(9, 'Волчица и дятел'),
(10, 'Львица и орел'),
(11, 'Коза и ворон'),
(12, 'Собака и голубь'),

(13, 'Фаустул'),
(14, 'Нумитор'),
(15, 'Тарутий'),
(16, 'Прока Сильвий'),

(17, 'Ромул'),
(18,'Рем'),
(19, 'Целер'),
(20, 'Плистин');


INSERT INTO Answers(id, answerText) VALUES

(21, 'Гадание по небесным явлениям'),
(22, 'Гадание по внутренностям животных'),
(23, 'Гадание по полёту птиц'),
(24, 'Гадание по священным цыплятам'),

(25, 'За то, что оскорбил Целера'),
(26, 'За то, что перепрыгнул вырытый Ромулом ров'),
(27, 'За то, что ударил Акку Ларенцию'),
(28, 'За то, что поднял восстание против Амулия'),

(29, '5 августа 750 года до н.э.'),
(30, '28 апреля 754 года до н.э.'),
(31, '21 апреля 753 года до н.э.'),
(32, '12 октября 755 года до н.э.'),

(33, '200'),
(34, '150'),
(35, '120'),
(36, '100'),

(37, 'Похищенные сабинянки'),
(38, 'Подданные Тита Тация'),
(39, 'Акрон и ценинцы'),
(40, 'Юпитер');


INSERT INTO Answers(id, answerText) VALUES

(41, 'Ценинцем'),
(42, 'Вольском'),
(43, 'Лигуром'),
(44, 'Сабинянином'),

(45, '252 дня'),
(46, '333 дня'),
(47, '355 дней'),
(48, '388 дней'),

(49, 'Весталкой'),
(50, 'Богиней согласия и верности'),
(51, 'Нимфой'),
(52, 'Его матерью'),

(53, 'Марс'),
(54, 'Аполлон'),
(55, 'Фидес'),
(56, 'Юпитер'),

(57, '1'),
(58, '0'),
(59, '3'),
(60, '6');


INSERT INTO Answers(id, answerText) VALUES

(61, '673 год до н.э.'),
(62, '653 год до н.э.'),
(63, '641 год до н.э.'),
(64, '639 год до н.э.'),

(65, 'Братья Горации'),
(66, 'Братья Куриации'),
(67, 'Братья Нуменорцы'),
(68, 'Братья Меттий и Фуфетий'),

(69, 'Альба-Лонга'),
(70, 'Фидены'),
(71, 'Вейи'),
(72, 'Ценина'),

(73, 'Юпитер'),
(74, 'Меттий Фуфетий'),
(75, 'Альбанцы'),
(76, 'Анк Марций');


INSERT INTO Answers(id, answerText) VALUES

(77, '620 год до н.э.'),
(78, '640 год до н.э.'),
(79, '650 год до н.э.'),
(80, '673 год до н.э.'),

(81, 'Он был отважным завоевателем'),
(82, 'Он был умён и красив'),
(83, 'Он был мудр и миролюбив'),
(84, 'Он был отличным оратором'),

(85, 'Город Остию'),
(86, 'Храм Януса'),
(87, 'Храм Весты'),
(88, 'Гавань'),

(89, 'Вольски'),
(90, 'Этруски'),
(91, 'Латины'),
(92, 'Сабиняне');


INSERT INTO Answers(id, answerText) VALUES

(93, '628 год до н.э.'),
(94, '616 год до н.э.'),
(95, '603 год до н.э.'),
(96, '598 год до н.э.'),

(97, 'Морским торговцем'),
(98, 'Сенатором'),
(99, 'Квестором'),
(100, 'Командиром конницы'),

(101, '200'),
(102, '250'),
(103, '300'),
(104, '400'),

(105, 'Римский форум'),
(106, 'Канализация'),
(107, 'Свайные мосты'),
(108, 'Рынок'),

(109, 'Регифугий'),
(110, 'Триумф'),
(111, 'Римские игры'),
(112, 'Вакханалии');


INSERT INTO Answers(id, answerText) VALUES

(113, '608 год до н.э.'),
(114, '593 год до н.э.'),
(115, '586 год до н.э.'),
(116, '578 год до н.э.'),

(117, 'Право участвовать в политической жизни'),
(118, 'Право на обжалование судебных решений'),
(119, 'Право сохранения гражданства при переезде в колонию или провинцию'),
(120, 'Право голосовать в народном собрании'),

(121, 'Богатые и бедные'),
(122, 'Грамотные и неграмотные'),
(123, 'Граждане и неграждане'),
(124, 'Рабы и рабовладельцы'),

(125, '5000 ассов'),
(126, '7000 ассов'),
(127, '11000 ассов'),
(128, '20000 семисов'),

(129, 'Стену плача'),
(130, 'Великую римскую'),
(131, 'Туллиеву'),
(132, 'Сервиеву');


INSERT INTO Answers(id, answerText) VALUES

(133, '534 год до н.э.'),
(134, '520 год до н.э.'),
(135, '507 год до н.э.'),
(136, '500 год до н.э.'),

(137, 'Правом объявлять войну'),
(138, 'Правом распустить сенат'),
(139, 'Правом неожиданности'),
(140, 'Правом созвать сенат'),

(141, 'Нумы Помпилия'),
(142, 'Тарквиния Древнего'),
(143, 'Сервия Туллия'),
(144, 'Тарквиния Гордого'),

(145, '6'),
(146, '9'),
(147, '1'),
(148, '3'),

(149, 'Его сын Секст'),
(150, 'Его сын Аррунт'),
(151, 'Его сын Тит'),
(152, 'Царь Тускула');


INSERT INTO Answers(id, answerText) VALUES

(153, 'Распустил его полностью'),
(154, 'Распустил большую его часть'),
(155, 'Не пополнял и практически перестал собирать его'),
(156, 'Казнил всех членов сената'),

(157, 'Убийство'),
(158, 'Изнасилование'),
(159, 'Похищение'),
(160, 'Вождение колесницы в нетрезвом виде'),

(161, 'Рим хочет казнить всех этрусских и латинских царей'),
(162, 'Рим хочет навлечь на Лаций гнев Юпитера'),
(163, 'Рим хочет выкрасть женщин из соседних городов'),
(164, 'Рим хочет сделать весь Лаций республиками'),

(165, '4'),
(166, '3'),
(167, '1'),
(168, '0'),

(169, 'Кумы'),
(170, 'Габий'),
(171, 'Ариций'),
(172, 'Корфиний');


INSERT INTO Answers(id, answerText) VALUES

(173, '520 год до н.э.'),
(174, '509 год до н.э.'),
(175, '517 год до н.э.'),
(176, '502 год до н.э'),

(177, 'Мезенций'),
(178, 'Морриус'),
(179, 'Порсен'),
(180, 'Проперций'),

(181, 'Латины и кампанские греки'),
(182, 'Вольски и галльские племена'),
(183, 'Латины и лигуры'),
(184, 'Сабиняне и пеласги'),

(185, 'Вейи'),
(186, 'Ариций'),
(187, 'Стабии'),
(188, 'Кумы');


---questions---

INSERT INTO questions(id, points, questionText, correctAnswerId) VALUES
(1,1,'Потомками какого героя Троянской войны античные историки считали Ромула и рема?', 1),
(2,1,'Кто сделал Рею Сильвию весталкой?', 8),
(3,1,'Кто напоил и накормил близнецов?', 9),
(4,1,'Кто спас Рема от казни и дал ему войско?', 14),
(5,1,'Кто сразил Амулия в схватке?', 17),

(6,1,'Какой способ гадания использовали братья для разрешения своих споров о городе?', 23),
(7,1,'За что был убит Рем?', 26),
(8,1,'Когда предположительно был основан Рим?', 31),
(9,1,'Сколько людей первоначально входило в сенат Рима?', 36),
(10,1,'Кто вступил в бой с сабинянами, спася римлян?', 37),

(11,1,'Кем был по происхождению второй царь Рима? ', 44),
(12,1,'Из скольки дней состоял календарь Нумы?', 47),
(13,1,'Кем была покровительница Нумы Эгерия?', 51),
(14,1,'Кто подарил Нуме щит, который был способен отвратить любую беду от Рима?', 56),
(15,1,'Сколько войн провел Нума?', 58),

(16,1,'В каком году начал править Тулл?', 61),
(17,1,'Легендарной победой каких героев Рим подчинил город Альба-Лонга?',65),
(18,1,'Какой известный город разрушил Тулл?',69),
(19,1,'Кто убил Тулла?',73),

(20,1,'В каком году избрали Анка?',78),
(21,1,'Чем Анк заслужил титул царя по мнению римлян?', 83),
(22,1,'Что основал Анк? ', 88),
(23,1,'С каким племенем Анк заключил союз войной?',89),

(24,1,'Когда Тарквиний Древний пришел к власти?', 94),
(25,1,'Кем начал свою карьеру Тарквиний Древний еще при прошлом царе? ',100),
(26,1,'Кем начал свою карьеру Тарквиний Древний еще при прошлом царе? ', 103),
(27,1,'Какой системой сооружений Тарквиний Древний улучшил жизнь римлян на многие года вперед?',106),
(28,1,'Какое известное римское празднование зародилось при Тарквинии Древнем? ',110),

(29,1,'В каком году Сервий начал править?',116),
(30,1,'Сервий сделал очень многое для бедняков Рима, но в то же время отобрал у них важное право. Какое?', 117),
(31,1,'Вместо традиционного римского разделения на патрициев и плебеев при Сервии народ был скорее разбит на другие два политических класса. Какие это были классы?',121),
(32,1,'Где пролегала денежная граница между богатыми и бедными по мнению Сервия?', 127),
(33,1,'Какую известную римскую стену согласно античным историкам воздвиг Сервий?', 132),

(34,1,'Когда Тарквиний Гордый был избран?', 133),
(35,1,'Каким исключительным правом царя воспользовался Тарквиний Гордый, чтобы свергнуть своего предшественника?',140),
(36,1,'Сооружения какого римского царя Тарквиний Гордый закончил на заработанные войной деньги?', 142),
(37,1,'Сколько свертков пророчеств Тарквиний Гордый купил у известной Кумской сивиллы?', 148),
(38,1,'Кто помог Тарквинию Гордому захватить хорошо укрепленный город Габию? ', 149),

(39,1,'Как Тарквиний Гордый “отплатил” помогшему ему при перевороте сенату?', 155),
(40,1,'Какое преступление сына Тарквиния Гордого стало последней каплей для народа Рима? ', 158),
(41,1,'Чем пугал Тарквиний Гордый этрусских и латинский царей, дабы те помогли ему выступить против республики?',164),
(42,1,'Сколько сыновей Тарквиния Гордого выжили в борьбе с Римом?', 168),
(43,1,'В каком городе Тарквиний Гордый скрылся?', 169),

(44,1,'В каком году была установлена республика?', 174),
(45,1,'Какой этрусский царь угрожал существованию республики в самом ее начале? ', 179),
(46,1,'Какие народы помогли Риму отбить нападение этруссков?', 181),
(47,1,'При каком городе римляне с союзниками нанесли этрусскам финальное поражение?', 186);

---'Test'_questions---

INSERT INTO testsquestions(testId, questionid) VALUES

(1,1),
(1,2),
(1,3),
(1,4),
(1,5),

(2,6),
(2,7),
(2,8),
(2,9),
(2,10),

(3,11),
(3,12),
(3,13),
(3,14),
(3,15),

(4,16),
(4,17),
(4,18),
(4,19),

(5,20),
(5,21),
(5,22),
(5,23),


(6,24),
(6,25),
(6,26),
(6,27),
(6,28),

(7,29),
(7,30),
(7,31),
(7,32),
(7,33),

(8,34),
(8,35),
(8,36),
(8,37),
(8,38),

(9,39),
(9,40),
(9,41),
(9,42),
(9,43),

(10,44),
(10,45),
(10,46),
(10,47);


---wrong_answers---

INSERT INTO questions_answers(question_id, wronganswers_id) VALUES
(1,2),
(1,3),
(1,4),
(2,5),
(2,6),
(2,7),
(3,10),
(3,11),
(3,12),
(4,13),
(4,15),
(4,16),
(5,18),
(5,19),
(5,20),
(6,21),
(6,22),
(6,24),
(7,25),
(7,27),
(7,28),
(8,29),
(8,30),
(8,32),
(9,33),
(9,34),
(9,35),
(10,38),
(10,39),
(10,40),
(11,41),
(11,42),
(11,43),
(12,45),
(12,46),
(12,48),
(13,49),
(13,50),
(13,52),
(14,53),
(14,54),
(14,55),
(15,57),
(15,59),
(15,60),
(16,62),
(16,63),
(16,64),
(17,66),
(17,67),
(17,68),
(18,70),
(18,71),
(18,72),
(19,74),
(19,75),
(19,76),
(20,77),
(20,79),
(20,80),
(21,81),
(21,82),
(21,84),
(22,85),
(22,86),
(22,87),
(23,90),
(23,91),
(23,92),
(24,93),
(24,95),
(24,96),
(25,97),
(25,98),
(25,99),
(26,101),
(26,102),
(26,104),
(27,105),
(27,107),
(27,108),
(28,109),
(28,111),
(28,112),
(29,113),
(29,114),
(29,115),
(30,118),
(30,119),
(30,120),
(31,122),
(31,123),
(31,124),
(32,125),
(32,126),
(32,128),
(33,129),
(33,130),
(33,131),
(34,134),
(34,135),
(34,136),
(35,137),
(35,138),
(35,139),
(36,141),
(36,143),
(36,144),
(37,145),
(37,146),
(37,147),
(38,150),
(38,151),
(38,152),
(39,153),
(39,154),
(39,156),
(40,157),
(40,159),
(40,160),
(41,161),
(41,162),
(41,163),
(42,165),
(42,166),
(42,167),
(43,170),
(43,171),
(43,172),
(44,173),
(44,175),
(44,176),
(45,177),
(45,178),
(45,180),
(46,182),
(46,183),
(46,184),
(47,185),
(47,187),
(47,188);